CREATE TABLE TB_TIPO_DOMINIO (
    IDENT BIGINT NOT NULL,
    DS_TIPO VARCHAR(150),
    DT_CADASTRO TIMESTAMP NOT NULL,
    COD_TIPO_DOMINIO VARCHAR(70) NOT NULL,
    PRIMARY KEY (IDENT),
    CONSTRAINT UNIQUE_COD_TIPO_DOMINIO UNIQUE(COD_TIPO_DOMINIO)
);

CREATE TABLE TB_DOMINIO (
    IDENT BIGINT NOT NULL,
    COD_DOMINIO VARCHAR(70) NOT NULL,
    DOMINIO VARCHAR(150),
    ID_DOM_SITUACAO INTEGER,
    ID_TIPO INTEGER NOT NULL,
    DT_CADASTRO TIMESTAMP NOT NULL,
    PRIMARY KEY (IDENT),
    CONSTRAINT UNIQUE_COD_DOMINIO UNIQUE(COD_DOMINIO),
    CONSTRAINT FK_DOM_SITUACAO FOREIGN KEY (ID_DOM_SITUACAO) REFERENCES TB_DOMINIO(IDENT),
    CONSTRAINT FK_TIPO_DOMINIO FOREIGN KEY (ID_TIPO) REFERENCES TB_TIPO_DOMINIO(IDENT)
); 

CREATE TABLE TB_PESSOA (
    IDENT BIGINT GENERATED BY DEFAULT AS IDENTITY,
    DS_NOME VARCHAR(255),
    DS_EMAIL VARCHAR(100),    
    DT_ATUALIZACAO TIMESTAMP(6) WITH TIME ZONE,
    ID_DOM_SITUACAO BIGINT,
    DS_TELEFONE VARCHAR(11),
    SG_TIPO_PESSOA VARCHAR(15) NOT NULL CHECK (
        SG_TIPO_PESSOA IN ('PESSOA_JURIDICA', 'PESSOA_FISICA')
    ),
    PRIMARY KEY (IDENT),
    CONSTRAINT FK_DOM_SITUACAO_PESSOA FOREIGN KEY (ID_DOM_SITUACAO) REFERENCES TB_DOMINIO(IDENT)
);

CREATE TABLE TB_PESSOA_FISICA (
    ID_PESSOA BIGINT NOT NULL,
    ID_DOM_GENERO BIGINT,
    CD_CPF VARCHAR(11),
    PRIMARY KEY (ID_PESSOA),
    CONSTRAINT FK_ID_PF_PESSOA FOREIGN KEY (ID_PESSOA) REFERENCES TB_PESSOA(IDENT),
    CONSTRAINT FK_DOM_GENERO_PF FOREIGN KEY (ID_DOM_GENERO) REFERENCES TB_DOMINIO(IDENT)
);

CREATE TABLE TB_PESSOA_JURIDICA (
    ID_PESSOA BIGINT NOT NULL,
    CD_CNPJ VARCHAR(14),
    DS_NOME_FANTASIA VARCHAR(255),
    ID_DOM_RAMO_ATIV INTEGER,
    PRIMARY KEY (ID_PESSOA),
    CONSTRAINT FK_ID_PJ_PESSOA FOREIGN KEY (ID_PESSOA) REFERENCES TB_PESSOA(IDENT),
    CONSTRAINT FK_ID_DOM_RAMO_PJ FOREIGN KEY (ID_DOM_RAMO_ATIV) REFERENCES TB_DOMINIO(IDENT)
);

CREATE TABLE TB_TENANT (
    IDENT BIGINT GENERATED BY DEFAULT AS IDENTITY,
    CD_TENANT VARCHAR(200),
    DT_INICIO_AMOSTRA_GRATIS TIMESTAMP(6) WITH TIME ZONE,
    DT_FIM_AMOSTRA_GRATIS TIMESTAMP(6) WITH TIME ZONE,
    DT_ATUALIZACAO TIMESTAMP(6) WITH TIME ZONE,
    DT_CADASTRO TIMESTAMP(6) WITH TIME ZONE,
    ID_PESSOA_JURIDICA BIGINT NOT NULL UNIQUE,
    DS_NOME VARCHAR(255),
    QT_USUARIO INTEGER DEFAULT 0,
    PRIMARY KEY (IDENT),
    CONSTRAINT FK_ID_PJ_TENANT FOREIGN KEY (ID_PESSOA_JURIDICA) REFERENCES TB_PESSOA_JURIDICA(ID_PESSOA),
    CONSTRAINT UNIQUE_CD_TENANT UNIQUE(CD_TENANT)
);

CREATE TABLE TB_PRECO_USUARIO (
    IDENT BIGINT GENERATED BY DEFAULT AS IDENTITY,
    DT_CADASTRO TIMESTAMP(6) WITH TIME ZONE,
    DS_NOME VARCHAR(255),
    PRIMARY KEY (IDENT)
);

CREATE TABLE TB_SERVICO (
    IDENT BIGINT GENERATED BY DEFAULT AS IDENTITY,
    DS_SERVICO VARCHAR(255),
    VL_UNIT NUMERIC(38,2),
    DT_ATUALIZACAO TIMESTAMP(6) WITH TIME ZONE,
    ID_DOM_SITUACAO BIGINT,
    ID_DOM_TIPO BIGINT,
    PRIMARY KEY (IDENT),
    CONSTRAINT FK_DOM_SITUACAO_SERVICO FOREIGN KEY (ID_DOM_SITUACAO) REFERENCES TB_DOMINIO(IDENT),
    CONSTRAINT FK_DOM_TIPO_SERVICO FOREIGN KEY (ID_DOM_TIPO) REFERENCES TB_DOMINIO(IDENT)
);

CREATE TABLE TB_MODULO (
    ID_SERVICO BIGINT NOT NULL,
    NM_MODULO VARCHAR(255),
    ID_DOM_MODULO BIGINT,
    PRIMARY KEY (ID_SERVICO),
    CONSTRAINT FK_ID_SERVICO_MODULO FOREIGN KEY (ID_SERVICO) REFERENCES TB_SERVICO(IDENT),
    CONSTRAINT FK_DOM_TIPO_MODULO FOREIGN KEY (ID_DOM_MODULO) REFERENCES TB_DOMINIO(IDENT)
);

CREATE TABLE TB_TRANSACAO (
    IDENT BIGINT GENERATED BY DEFAULT AS IDENTITY,
    VL_TRANSACAO NUMERIC(38,2),
    DT_CADASTRO TIMESTAMP(6) WITH TIME ZONE,
    ID_PESSOA_FISICA BIGINT,
    ID_TENANT VARCHAR(255) NOT NULL,
    PRIMARY KEY (IDENT),
    CONSTRAINT FK_PESSOA_FISICA FOREIGN KEY (ID_PESSOA_FISICA) REFERENCES TB_PESSOA_FISICA(ID_PESSOA),
    CONSTRAINT FK_TENANT_TRANSACAO FOREIGN KEY (ID_TENANT) REFERENCES TB_TENANT(CD_TENANT)
);

CREATE TABLE TB_TENANT_MODULO (
    IDENT BIGINT GENERATED BY DEFAULT AS IDENTITY,
    FLAG_POSSUI_CUSTOM BOOLEAN,
    DT_ATUALIZACAO TIMESTAMP(6) WITH TIME ZONE,
    DT_CADASTRO TIMESTAMP(6) WITH TIME ZONE,
    DT_EXPIRACAO TIMESTAMP(6) WITH TIME ZONE,
    ID_DOM_SITUACAO BIGINT,
    ID_MODULO BIGINT,
    ID_TENANT VARCHAR(255) NOT NULL,
    PRIMARY KEY (IDENT),
    CONSTRAINT FK_DOM_SITUACAO_TENANT_MODULO FOREIGN KEY (ID_DOM_SITUACAO) REFERENCES TB_DOMINIO(IDENT),
    CONSTRAINT FK_DOM_TENANT_MODULO FOREIGN KEY (ID_MODULO) REFERENCES TB_MODULO(ID_SERVICO),
    CONSTRAINT FK_TENANT_MODULO FOREIGN KEY (ID_TENANT) REFERENCES TB_TENANT(CD_TENANT)
);

CREATE TABLE TB_FUNCIONALIDADE (
    IDENT BIGINT GENERATED BY DEFAULT AS IDENTITY,
    DS_DESCRICAO VARCHAR(255),
    VL_FUNCIONALIDADE NUMERIC(38,2), 
    ID_MODULO BIGINT,
    ID_DOM_TIPO BIGINT,
    PRIMARY KEY (IDENT),
    CONSTRAINT FK_FUNCIONALIDADE_MODULO FOREIGN KEY (ID_MODULO) REFERENCES TB_MODULO(ID_SERVICO),
    CONSTRAINT FK_DOM_TIPO_FUNCIONALIDADE FOREIGN KEY (ID_DOM_TIPO) REFERENCES TB_DOMINIO(IDENT)
);

CREATE TABLE TB_MOVIMENTACAO (
    IDENT BIGINT GENERATED BY DEFAULT AS IDENTITY,
	VL_UNIT NUMERIC(38,2),
    VL_MOVIMENTACAO NUMERIC(38,2),
    DT_MOVIMENTACAO TIMESTAMP(6) WITH TIME ZONE,
    ID_DOM_TIPO BIGINT,
    ID_TRANSACAO BIGINT,
    QT_MOVIM INTEGER DEFAULT 1,
    PRIMARY KEY (IDENT),
    CONSTRAINT FK_DOM_TIPO FOREIGN KEY (ID_DOM_TIPO) REFERENCES TB_DOMINIO(IDENT),
    CONSTRAINT FK_TRANSACAO_MOVIM FOREIGN KEY (ID_TRANSACAO) REFERENCES TB_TRANSACAO(IDENT)
);

CREATE TABLE TB_MOVIM_MODULO (
    ID_MOVIMENTACAO BIGINT NOT NULL,
    ID_FUNCIONALIDADE BIGINT,
    ID_TENANT_MODULO BIGINT,
    PRIMARY KEY (ID_MOVIMENTACAO),
    CONSTRAINT FK_ID_MOVIM_MODULO_MOVIM FOREIGN KEY (ID_MOVIMENTACAO) REFERENCES TB_MOVIMENTACAO(IDENT),
    CONSTRAINT FK_FUNC_MOVIM_MODULO FOREIGN KEY (ID_FUNCIONALIDADE) REFERENCES TB_FUNCIONALIDADE(IDENT),
    CONSTRAINT FK_TENANT_MODULO_MOVIM FOREIGN KEY (ID_TENANT_MODULO) REFERENCES TB_TENANT_MODULO(IDENT)
);

CREATE TABLE TB_TENANT_MODULO_FUNC_CUSTOM (
    IDENT BIGINT GENERATED BY DEFAULT AS IDENTITY,
    VL_ULTIMA_CONTRATACAO NUMERIC(38, 2),
    DT_CADASTRO TIMESTAMP(6) WITH TIME ZONE,
    DT_EXPIRACAO TIMESTAMP(6) WITH TIME ZONE,
    ID_DOM_SITUACAO BIGINT,
    ID_FUNCIONALIDADE BIGINT,
    ID_TENANT_MODULO BIGINT,
    PRIMARY KEY (IDENT),
    CONSTRAINT FK_DOM_SITUACAO_FUNC_CUSTOM FOREIGN KEY (ID_DOM_SITUACAO) REFERENCES TB_DOMINIO(IDENT),
    CONSTRAINT FK_FUNCIONALIDADE_FUNC_CUSTOM FOREIGN KEY (ID_FUNCIONALIDADE) REFERENCES TB_FUNCIONALIDADE(IDENT),
    CONSTRAINT FK_TENANT_MODULO_FUNC_CUSTOM FOREIGN KEY (ID_TENANT_MODULO) REFERENCES TB_TENANT_MODULO(IDENT)
);

CREATE TABLE tb_modulo_sub_modulo (
	IDENT BIGINT NOT NULL GENERATED BY DEFAULT AS IDENTITY,
	id_modulo BIGINT NOT NULL,
	id_sub_modulo BIGINT NULL,
	dt_atualizacao TIMESTAMP(6) WITH TIME ZONE NULL,
	id_dom_situacao BIGINT NULL,
	CONSTRAINT tb_modulo_sub_modulo_pkey PRIMARY KEY (ident),
	CONSTRAINT fk_dom_situacao_sub_modulo FOREIGN KEY (id_dom_situacao) REFERENCES tb_dominio(ident),
	CONSTRAINT fk_id_modulo_dependencia_ck FOREIGN KEY (id_sub_modulo) REFERENCES TB_MODULO(ID_SERVICO),
	CONSTRAINT fk_id_modulo_dependente_ck FOREIGN KEY (id_modulo) REFERENCES TB_MODULO(ID_SERVICO)
);

CREATE TABLE TB_USUARIO (
    IDENT BIGINT GENERATED BY DEFAULT AS IDENTITY,
    ID_PESSOA INTEGER,
    DT_ATUALIZACAO TIMESTAMP(6) WITH TIME ZONE,
    ID_DOM_SITUACAO BIGINT,
    ID_TENANT_SELECIONADO VARCHAR(255),
    DS_SENHA VARCHAR(255),
    DS_TOKEN VARCHAR(255),
    PRIMARY KEY (IDENT),
    CONSTRAINT FK_DOM_SITUACAO_USUARIO FOREIGN KEY (ID_DOM_SITUACAO) REFERENCES TB_DOMINIO(IDENT),
    CONSTRAINT FK_ID_PESSOA_USUARIO FOREIGN KEY (ID_PESSOA) REFERENCES TB_PESSOA_FISICA(ID_PESSOA),
    CONSTRAINT FK_ID_TENANT_SELECIONADO FOREIGN KEY (ID_TENANT_SELECIONADO) REFERENCES TB_TENANT(CD_TENANT)
);

CREATE TABLE TB_USUARIO_TENANT (
    IDENT BIGINT GENERATED BY DEFAULT AS IDENTITY,
    DT_ATUALIZACAO TIMESTAMP(6) WITH TIME ZONE,
    ID_DOM_SITUACAO BIGINT,
    ID_TENANT VARCHAR(255),
    ID_USUARIO BIGINT,
    PRIMARY KEY (IDENT),
    CONSTRAINT FK_DOM_SITUACAO_TENANT_USUARIO FOREIGN KEY (ID_DOM_SITUACAO) REFERENCES TB_DOMINIO(IDENT),
    CONSTRAINT FK_ID_TENANT_USUARIO FOREIGN KEY (ID_TENANT) REFERENCES TB_TENANT(CD_TENANT),
    CONSTRAINT FK_ID_USUARIO_TENANT FOREIGN KEY (ID_USUARIO) REFERENCES TB_USUARIO(IDENT)
);

CREATE TABLE TB_VINCULO_FUNCIONARIO (
    IDENT BIGINT GENERATED BY DEFAULT AS IDENTITY,
    DT_ATUALIZACAO TIMESTAMP(6) WITH TIME ZONE,
    ID_DOM_CARGO BIGINT,
    ID_DOM_SITUACAO BIGINT,
    ID_PESSOA_FISICA BIGINT,
    ID_PESSOA_JURIDICA BIGINT,
    PRIMARY KEY (IDENT),
    CONSTRAINT FK_DOM_SIT_FUNC FOREIGN KEY (ID_DOM_SITUACAO) REFERENCES TB_DOMINIO(IDENT),
    CONSTRAINT FK_DOM_CARGO_FUNC FOREIGN KEY (ID_DOM_CARGO) REFERENCES TB_DOMINIO(IDENT),
    CONSTRAINT FK_ID_PF_FUNC FOREIGN KEY (ID_PESSOA_FISICA) REFERENCES TB_PESSOA_FISICA(ID_PESSOA),
    CONSTRAINT FK_ID_PJ_FUNC FOREIGN KEY (ID_PESSOA_JURIDICA) REFERENCES TB_PESSOA_JURIDICA(ID_PESSOA)
);

CREATE TABLE tb_grupo_usuario (
    IDENT BIGINT NOT NULL,
    id_dom_situacao BIGINT,
    desc_grupo VARCHAR(11),
    PRIMARY KEY (IDENT) 
);

CREATE TABLE TB_USUARIO_GRUPO_USUARIO (
    ID_GRUPO_USUARIO BIGINT NOT NULL,
    ID_USUARIO BIGINT NOT NULL,
    id_dom_situacao BIGINT,
    desc_grupo VARCHAR(11),
    PRIMARY KEY (ID_GRUPO_USUARIO),
    CONSTRAINT FK_ID_grupo_usuario FOREIGN KEY (ID_GRUPO_USUARIO) REFERENCES tb_grupo_usuario(IDENT),
    CONSTRAINT FK_ID_PF_PESSOA1 FOREIGN KEY (ID_USUARIO) REFERENCES TB_PESSOA(IDENT)
);

    create table tb_autorizacao_grupo_usuario (
        dt_atualizacao timestamp(6) with time zone,
        id_dom_situacao bigint,
        id_grupo_usuario bigint,
        id_permissao bigint,
        ident bigint not null,
        primary key (ident)
    );

    create table tb_permissao (
        ident bigint generated by default as identity,
        codigo_permissao varchar(255),
        permissao varchar(255),
        sg_tipo varchar(255) not null check (sg_tipo in ('FUNCIONALIDADE','MENU')),
        primary key (ident)
    );

--SITUAÇÃO DE CADASTRO

insert into tb_tipo_dominio (IDENT, DS_TIPO, DT_CADASTRO, COD_TIPO_DOMINIO)
values (1, 'Situacoes de cadastros', '2023-10-13', 'SITUACAO_CADASTRO');

insert into tb_dominio (IDENT, DOMINIO, ID_TIPO, DT_CADASTRO, COD_DOMINIO, ID_DOM_SITUACAO) 
values (1, 'Status ativo', 1, '2023-10-13', 'STATUS_ATIVO', 1);

insert into tb_dominio (IDENT, DOMINIO, ID_TIPO, DT_CADASTRO, COD_DOMINIO, ID_DOM_SITUACAO) 
values (2, 'Status cancelado', 1, '2023-10-22', 'STATUS_CANCELADO', 1);

insert into tb_dominio (IDENT, DOMINIO, ID_TIPO, DT_CADASTRO, COD_DOMINIO, ID_DOM_SITUACAO) 
values (3, 'Status inativo', 1, '2023-10-22', 'STATUS_INATIVO', 1);

insert into tb_dominio (IDENT, DOMINIO, ID_TIPO, DT_CADASTRO, COD_DOMINIO, ID_DOM_SITUACAO)
values (4, 'Status pendente', 1, '2023-10-22', 'STATUS_PENDENTE', 1);

insert into tb_dominio (IDENT, DOMINIO, ID_TIPO, DT_CADASTRO, COD_DOMINIO, ID_DOM_SITUACAO)
values (5, 'Status em andamento', 1, '2023-10-22', 'STATUS_EM_ANDAMENTO', 1);

insert into tb_dominio (IDENT, DOMINIO, ID_TIPO, DT_CADASTRO, COD_DOMINIO, ID_DOM_SITUACAO)
values (6, 'Status em análise', 1, '2023-10-22', 'STATUS_EM_ANALISE', 1);

-- CARGOS

insert into tb_tipo_dominio (IDENT, DS_TIPO, DT_CADASTRO, COD_TIPO_DOMINIO)
values (2, 'Tipo de Cargos', '2023-10-13', 'CARGOS');

insert into tb_dominio (IDENT, DOMINIO, ID_DOM_SITUACAO, ID_TIPO, DT_CADASTRO, COD_DOMINIO)
values (200, 'Proprietário', 1, 2, '2023-10-13', 'CARGO_PROPRIETARIO');

insert into tb_dominio (IDENT, DOMINIO, ID_DOM_SITUACAO, ID_TIPO, DT_CADASTRO, COD_DOMINIO)
values (201, 'Diretor', 1, 2, '2023-10-13', 'CARGO_DIRETOR');

insert into tb_dominio (IDENT, DOMINIO, ID_DOM_SITUACAO, ID_TIPO, DT_CADASTRO, COD_DOMINIO)
values (202, 'Gerente', 1, 2, '2023-10-13', 'CARGO_GERENTE');

insert into tb_dominio (IDENT, DOMINIO, ID_DOM_SITUACAO, ID_TIPO, DT_CADASTRO, COD_DOMINIO)
values (203, 'Funcionario', 1, 2, '2023-10-13', 'CARGO_FUNCIONARIO');

-- Tipos de modulos

insert into tb_tipo_dominio (IDENT, DS_TIPO, DT_CADASTRO, COD_TIPO_DOMINIO)
values (3, 'Tipos de modulos', '2023-10-13', 'TIPOS_MODULOS');

insert into tb_dominio (IDENT, DOMINIO, ID_DOM_SITUACAO, ID_TIPO, DT_CADASTRO, COD_DOMINIO)
values (300, 'Estoque', 1, 3, '2023-10-22', 'MODULO_ESTOQUE');

insert into tb_dominio (IDENT, DOMINIO, ID_DOM_SITUACAO, ID_TIPO, DT_CADASTRO, COD_DOMINIO)
values (301, 'Vendas', 1, 3, '2023-10-22', 'MODULO_VENDAS');

insert into tb_dominio (IDENT, DOMINIO, ID_DOM_SITUACAO, ID_TIPO, DT_CADASTRO, COD_DOMINIO)
values (302, 'Clientes', 1, 3, '2023-10-22', 'MODULO_CLIENTES');

insert into tb_dominio (IDENT, DOMINIO, ID_DOM_SITUACAO, ID_TIPO, DT_CADASTRO, COD_DOMINIO)
values (303, 'Produtos', 1, 3, '2023-10-22', 'MODULO_PRODUTOS');

--RAMOS DE ATIVIDADE

insert into tb_tipo_dominio (IDENT, DS_TIPO, DT_CADASTRO, COD_TIPO_DOMINIO) 
values (4, 'Ramos de atividade empresa', '2023-10-13', 'RAMO_ATIV');

insert into tb_dominio (IDENT, DOMINIO, ID_DOM_SITUACAO, ID_TIPO, DT_CADASTRO, COD_DOMINIO)
values (400, 'Tecnologia', 1, 4, '2023-10-13', 'RAMO_TECNO');

insert into tb_dominio (IDENT, DOMINIO, ID_DOM_SITUACAO, ID_TIPO, DT_CADASTRO, COD_DOMINIO)
values (401, 'Logística', 1, 4, '2023-10-22', 'RAMO_LOGISTICA');

insert into tb_dominio (IDENT, DOMINIO, ID_DOM_SITUACAO, ID_TIPO, DT_CADASTRO, COD_DOMINIO)
values (402, 'Varejo', 1, 4, '2023-10-22', 'RAMO_VAREJO');

insert into tb_dominio (IDENT, DOMINIO, ID_DOM_SITUACAO, ID_TIPO, DT_CADASTRO, COD_DOMINIO)
values (403, 'Industria', 1, 4, '2023-10-22', 'RAMO_INDUSTRIA');

insert into tb_dominio (IDENT, DOMINIO, ID_DOM_SITUACAO, ID_TIPO, DT_CADASTRO, COD_DOMINIO)
values (404, 'Construção', 1, 4, '2023-10-22', 'RAMO_CONSTRUCAO');

insert into tb_dominio (IDENT, DOMINIO, ID_DOM_SITUACAO, ID_TIPO, DT_CADASTRO, COD_DOMINIO)
values (405, 'Eletronicos', 1, 4, '2023-10-22', 'RAMO_ELETRONICOS');

insert into tb_dominio (IDENT, DOMINIO, ID_DOM_SITUACAO, ID_TIPO, DT_CADASTRO, COD_DOMINIO)
values (406, 'Outros', 1, 4, '2023-10-22', 'RAMO_OUTROS');
 
-- TIPOS DE MOVIMENTAÇÃO

insert into tb_tipo_dominio (IDENT, DS_TIPO, DT_CADASTRO, COD_TIPO_DOMINIO) 
values (5, 'Tipos de movimentações', '2023-10-22', 'TIPO_MOVIM');

insert into tb_dominio (IDENT, DOMINIO, ID_DOM_SITUACAO, ID_TIPO, DT_CADASTRO, COD_DOMINIO)
values (500, 'Nova contratação de modulo', 1, 5, '2023-10-22', 'MOVIM_CONTRATACAO_MODULO');

insert into tb_dominio (IDENT, DOMINIO, ID_DOM_SITUACAO, ID_TIPO, DT_CADASTRO, COD_DOMINIO)
values (501, 'Ativação de funcionalidade premium', 1, 5, '2023-10-22', 'MOVIM_ATIVACAO_FUNC_PREMIUM');

insert into tb_dominio (IDENT, DOMINIO, ID_DOM_SITUACAO, ID_TIPO, DT_CADASTRO, COD_DOMINIO)
values (503, 'Desativação de funcionalidade premium', 1, 5, '2023-10-22', 'MOVIM_DESATIVACAO_FUNC_PREMIUM');

insert into tb_dominio (IDENT, DOMINIO, ID_DOM_SITUACAO, ID_TIPO, DT_CADASTRO, COD_DOMINIO)
values (504, 'Cancelamento de contração de modulo', 1, 5, '2023-10-22', 'MOVIM_CANCEL_CONT_MODULO');

insert into tb_dominio (IDENT, DOMINIO, ID_DOM_SITUACAO, ID_TIPO, DT_CADASTRO, COD_DOMINIO)
values (505, 'Registro de novo funcionario', 1, 5, '2023-10-22', 'MOVIM_REGISTRO_NOVO_FUNCIONARIO');

insert into tb_dominio (IDENT, DOMINIO, ID_DOM_SITUACAO, ID_TIPO, DT_CADASTRO, COD_DOMINIO)
values (506, 'Remoção de funcionario', 1, 5, '2023-10-22', 'MOVIM_REMOCAO_FUNCIONARIO');

insert into tb_dominio (IDENT, DOMINIO, ID_DOM_SITUACAO, ID_TIPO, DT_CADASTRO, COD_DOMINIO)
values (507, 'Ativação de amostra gratis', 1, 5, '2023-10-22', 'MOVIM_ATIVACAO_AMOSTRA_GRATIS');

-- TIPOS DE FUNCIONALIDADES

insert into tb_tipo_dominio (IDENT, DS_TIPO, DT_CADASTRO, COD_TIPO_DOMINIO) 
values (6, 'Tipos de funcionalidades', '2023-10-22', 'TIPO_FUNC');

insert into tb_dominio (IDENT, DOMINIO, ID_DOM_SITUACAO, ID_TIPO, DT_CADASTRO, COD_DOMINIO)
values (600, 'Padrão', 1, 6, '2023-10-22', 'FUNC_PADRAO');

insert into tb_dominio (IDENT, DOMINIO, ID_DOM_SITUACAO, ID_TIPO, DT_CADASTRO, COD_DOMINIO)
values (601, 'Premium', 1, 6, '2023-10-22', 'FUNC_PREMIUM');

-- TIPOS DE GENEROS

insert into tb_tipo_dominio (IDENT, DS_TIPO, DT_CADASTRO, COD_TIPO_DOMINIO) 
values (7, 'Tipos de gêneros', '2023-10-22', 'TIPO_GENERO');

insert into tb_dominio (IDENT, DOMINIO, ID_DOM_SITUACAO, ID_TIPO, DT_CADASTRO, COD_DOMINIO)
values (700, 'Masculino', 1, 7, '2023-10-22', 'GENERO_MASCULINO');

insert into tb_dominio (IDENT, DOMINIO, ID_DOM_SITUACAO, ID_TIPO, DT_CADASTRO, COD_DOMINIO)
values (701, 'Feminino', 1, 7, '2023-10-22', 'GENERO_FEMININO');

insert into tb_dominio (IDENT, DOMINIO, ID_DOM_SITUACAO, ID_TIPO, DT_CADASTRO, COD_DOMINIO)
values (702, 'Não binário', 1, 7, '2023-10-22', 'GENERO_NAO_BINARIO');

insert into tb_dominio (IDENT, DOMINIO, ID_DOM_SITUACAO, ID_TIPO, DT_CADASTRO, COD_DOMINIO)
values (703, 'Prefere não informar', 1, 7, '2023-10-22', 'GENERO_NAO_INFORMAR');


-- TABELA SERVIÇOS

insert into tb_servico (VL_UNIT, ID_DOM_SITUACAO, ID_DOM_TIPO, DS_SERVICO) 
VALUES (150.0, 1, 300, 'Modulo Estoque');

insert into tb_servico (VL_UNIT, ID_DOM_SITUACAO, ID_DOM_TIPO, DS_SERVICO) 
VALUES (250.0, 1, 301, 'Modulo Vendas');

insert into tb_servico (VL_UNIT, ID_DOM_SITUACAO, ID_DOM_TIPO, DS_SERVICO) 
VALUES (60.0, 1, 302, 'Modulo Clientes');

insert into tb_servico (VL_UNIT, ID_DOM_SITUACAO, ID_DOM_TIPO, DS_SERVICO) 
VALUES (50.0, 1, 303, 'Modulo Produtos');

-- TABELA MODULOS

insert into tb_modulo (ID_SERVICO, ID_DOM_MODULO, NM_MODULO) 
VALUES (1, 300, 'Estoque');

insert into tb_modulo (ID_SERVICO, ID_DOM_MODULO, NM_MODULO) 
VALUES (2, 301, 'Vendas');

insert into tb_modulo (ID_SERVICO, ID_DOM_MODULO, NM_MODULO) 
VALUES (4, 302, 'Clientes');

insert into tb_modulo (ID_SERVICO, ID_DOM_MODULO, NM_MODULO) 
VALUES (3, 303, 'Produtos');

-- TABELA DE FUNCIONALIDADES

insert into tb_funcionalidade (IDENT, VL_FUNCIONALIDADE, ID_MODULO, ID_DOM_TIPO, DS_DESCRICAO) 
VALUES (1, 15.0, 1, 600, 'Consultar níveis de estoque');

insert into tb_funcionalidade (IDENT, VL_FUNCIONALIDADE, ID_MODULO, ID_DOM_TIPO, DS_DESCRICAO) 
VALUES (2, 30.0, 1, 601, 'Consultar previsão de demanda'); 

insert into tb_funcionalidade (IDENT, VL_FUNCIONALIDADE, ID_MODULO, ID_DOM_TIPO, DS_DESCRICAO) 
VALUES (3, 15.0, 1, 600, 'Cadastrar produto');

insert into tb_funcionalidade (IDENT, VL_FUNCIONALIDADE, ID_MODULO, ID_DOM_TIPO, DS_DESCRICAO) 
VALUES (4, 30.0, 1, 601, 'Visualizar curva ABC'); 

insert into tb_funcionalidade (IDENT, VL_FUNCIONALIDADE, ID_MODULO, ID_DOM_TIPO, DS_DESCRICAO) 
VALUES (5, 15.0, 2, 600, 'Consultar vendas');

insert into tb_funcionalidade (IDENT, VL_FUNCIONALIDADE, ID_MODULO, ID_DOM_TIPO, DS_DESCRICAO) 
VALUES (6, 30.0, 2, 601, 'Consultar vendas por funcionario'); 

insert into tb_funcionalidade (IDENT, VL_FUNCIONALIDADE, ID_MODULO, ID_DOM_TIPO, DS_DESCRICAO) 
VALUES (7, 15.0, 2, 600, 'Consultar vendas por mês');

insert into tb_funcionalidade (IDENT, VL_FUNCIONALIDADE, ID_MODULO, ID_DOM_TIPO, DS_DESCRICAO) 
VALUES (8, 30.0, 2, 601, 'Consultar vendas por ano'); 

insert into tb_funcionalidade (IDENT, VL_FUNCIONALIDADE, ID_MODULO, ID_DOM_TIPO, DS_DESCRICAO) 
VALUES (9, 15.0, 4, 600, 'Consultar clientes');

insert into tb_funcionalidade (IDENT, VL_FUNCIONALIDADE, ID_MODULO, ID_DOM_TIPO, DS_DESCRICAO) 
VALUES (10, 30.0, 4, 600, 'Cadastrar clientes'); 

insert into tb_funcionalidade (IDENT, VL_FUNCIONALIDADE, ID_MODULO, ID_DOM_TIPO, DS_DESCRICAO) 
VALUES (11, 15.0, 4, 600, 'Alterar clientes');

insert into tb_funcionalidade (IDENT, VL_FUNCIONALIDADE, ID_MODULO, ID_DOM_TIPO, DS_DESCRICAO) 
VALUES (12, 30.0, 4, 601, 'Enviar notificação por e-mail para clientes');

insert into tb_funcionalidade (IDENT, VL_FUNCIONALIDADE, ID_MODULO, ID_DOM_TIPO, DS_DESCRICAO) 
VALUES (13, 30.0, 3, 600, 'Alterar produtos');

insert into tb_funcionalidade (IDENT, VL_FUNCIONALIDADE, ID_MODULO, ID_DOM_TIPO, DS_DESCRICAO) 
VALUES (14, 50.0, 3, 601, 'Importar produtos de planilha excel');


-- submodulos

INSERT INTO public.tb_modulo_sub_modulo
(ident, id_modulo, id_sub_modulo, dt_atualizacao, id_dom_situacao)
VALUES(1, 1, 3, NULL, 1);
INSERT INTO public.tb_modulo_sub_modulo
(ident, id_modulo, id_sub_modulo, dt_atualizacao, id_dom_situacao) 
VALUES(3, 1, 2, NULL, NULL);
INSERT INTO public.tb_modulo_sub_modulo
(ident, id_modulo, id_sub_modulo, dt_atualizacao, id_dom_situacao)
VALUES(4, 4, NULL, NULL, 1);
INSERT INTO public.tb_modulo_sub_modulo
(ident, id_modulo, id_sub_modulo, dt_atualizacao, id_dom_situacao)
VALUES(2, 3, 4, NULL, 1);

insert into tb_grupo_usuario (IDENT, DESC_GRUPO, id_dom_situacao)
values (1, 'Situacoes', 1);

insert into TB_PERMISSAO (IDENT, permissao, codigo_permissao, SG_TIPO)
values (1, 'TESTE', 'X123','FUNCIONALIDADE');

insert into TB_AUTORIZACAO_GRUPO_USUARIO (IDENT, ID_GRUPO_USUARIO, ID_PERMISSAO, ID_DOM_SITUACAO)
values (1, 1, 1, 1);

